"Id";"Designator";"Package";"Quantity";"Designation";"Supplier and ref";
1;"U2";"hmc5883l";1;"hmc5883l";;;
2;"U1";"adxl345";1;"adxl345";;;
3;"R9,R8,R7,R6,R5,R3,R2";"R_0603_1608Metric_Pad0.98x0.95mm_HandSolder";7;"10k";;;
4;"R4";"R_0603_1608Metric_Pad0.98x0.95mm_HandSolder";1;"100";;;
5;"R1";"R_0603_1608Metric_Pad0.98x0.95mm_HandSolder";1;"330E";;;
6;"JP1";"PinHeader_1x03_P2.54mm_Vertical";1;"mux";;;
7;"J1";"PinHeader_2x06_P2.54mm_Horizontal";1;"pmod";;;
8;"D1";"LED_0603_1608Metric_Pad1.05x0.95mm_HandSolder";1;"LED";;;
9;"C2,C1";"C_0603_1608Metric_Pad1.08x0.95mm_HandSolder";2;"100n";;;
